"krs","m.0","m.1","m.2","m.3","m.4","m.5","w.0","w.1","w.2","w.3","w.4","w.5"
1001,2127,3832,14122,14243,7708,2567,2057,3671,12773,13630,9032,3742
1002,5734,10020,38710,39788,19839,6475,5554,9482,38853,39898,23402,9793
1003,4908,9124,26847,36057,20199,7236,4539,8682,25908,37409,25000,11289
1004,1829,3730,9922,13607,7550,2603,1667,3477,9024,13316,8851,3911
1051,2730,5931,14696,22693,14845,4825,2663,5647,13391,22997,16238,6554
1053,4856,9615,20796,35640,19234,6740,4622,9058,19152,36584,21581,9386
1054,3569,7261,19032,27874,17541,5822,3273,6801,16900,29328,20073,8033
1055,3642,8240,19087,33895,23701,8200,3687,7919,17488,36510,27019,11193
1056,7605,15115,34159,57124,29711,10497,7208,14345,31474,58189,34395,14569
1057,2716,5698,12310,22267,14398,5143,2568,5662,11329,23510,16263,6783
1058,6082,13025,28333,48365,28721,9583,5715,12398,26000,50191,31641,12721
1059,4658,9681,21231,34917,21476,7129,4330,8959,19583,35434,23357,9270
1060,6478,13370,30532,50815,26389,8933,6206,12506,27631,50984,30147,12041
1061,2862,5978,14465,23723,13474,4421,2816,5640,13125,23943,14689,6211
1062,5697,12127,23992,44448,23861,8706,5497,11438,22494,45886,27187,11863
2000,50339,83822,248102,329427,141703,48655,47928,78534,246744,325303,168041,72581
3101,5510,9954,36485,41982,21392,7662,5457,9466,31885,40905,25907,11687
3102,2891,5291,12764,17458,10343,3455,2710,4788,11329,16975,11897,5047
3103,3313,5622,15564,21525,11437,4359,3112,5193,13764,20757,13317,6188
3151,4605,8708,19981,32489,17108,5144,4370,8305,18011,32026,18219,6954
3153,2490,5213,15907,23004,15688,5532,2409,4881,12940,22877,17940,8133
3154,2077,3985,9794,16523,9822,3040,2018,3819,8753,16243,10730,4503
3155,2752,5604,13973,22989,15236,4891,2606,5340,12525,23346,16310,7193
3157,3295,6569,14653,24534,13017,4218,3217,6257,13373,24419,14430,5983
3158,2549,5239,13216,21418,12739,4209,2438,4940,11675,21676,14067,5794
3159,7154,13952,42718,53475,33113,10775,6694,13061,40366,54652,36823,15291
3241,28585,53163,144545,200819,104180,35909,27060,50341,136768,201340,122025,52889
3251,5020,10261,24034,39161,22205,7172,4732,9609,21724,39088,24047,9833
3252,3283,6497,15383,25174,15977,5526,3151,6266,14506,25845,18563,8388
3254,5983,11946,31846,47756,28082,9299,5672,11406,30670,47976,32048,13910
3255,1460,2952,7878,11970,8110,2817,1402,2831,6721,11907,8957,3970
3256,2670,5664,14015,21795,12449,3807,2733,5559,12218,21130,13645,5701
3257,3360,6822,16811,27863,16665,5653,3282,6562,15475,27898,18989,8401
3351,4249,8635,19934,30601,18574,6061,4109,8233,18385,30699,20894,8562
3352,4452,9141,20351,33707,22300,7093,4083,8498,18836,34960,24881,9911
3353,6181,12292,26818,46051,24698,8462,5800,11595,23805,47773,27904,11397
3354,939,2151,4745,8060,5944,2000,915,1915,4104,8341,6559,2751
3355,4432,8876,21882,32558,16617,5178,4190,8466,21078,33781,18818,7496
3356,2676,5366,11472,20467,11912,3872,2516,4905,10628,21129,13315,5259
3357,3713,7847,19829,29439,16327,4977,3568,7328,17153,29003,17512,6759
3358,3277,6681,16764,24370,14007,4658,2994,6120,14317,24459,15507,6601
3359,5128,10070,23745,36211,19630,6259,4772,9310,21694,35756,22001,8526
3360,1853,4011,9699,16017,10126,3535,1752,3806,8924,16384,11408,5057
3361,3429,6598,15099,23676,14008,4356,3376,6382,13976,24478,15438,5976
3401,2065,3745,9566,13114,7492,2455,1997,3380,8680,13102,8636,3375
3402,1248,2353,6765,8504,4769,1445,1117,2175,6047,8252,5385,2135
3403,3833,7095,23868,27209,14098,4398,3721,6868,24778,28969,16760,6613
3404,3773,6850,25625,26246,12948,4314,3625,6469,25962,26363,15682,6891
3405,1673,2973,10123,11806,8032,2989,1590,2853,8746,11748,9485,4260
3451,2915,5929,13394,21538,12691,4191,2764,5696,12710,22298,14272,5673
3452,4291,8919,21653,32729,20274,5689,3971,8193,19773,33611,22649,8096
3453,4789,9528,23498,30405,13736,3751,4622,9053,20674,28739,14804,5749
3454,8214,16361,42601,59852,30222,8534,7885,15513,36500,55632,32350,11993
3455,2115,4409,10199,16491,10989,3861,2029,4040,9431,17375,12456,5065
3456,3408,6946,16384,24389,13207,3971,3189,6590,14679,23953,14243,5552
3457,4157,8025,20507,30163,16974,4984,3824,7753,18465,29390,18618,6949
3458,3040,6326,14388,23892,12890,4038,2902,5902,13073,24206,14004,5483
3459,8954,17870,42153,63700,34209,10544,8396,16736,37777,63624,37589,15791
3460,3948,7810,19764,25489,11426,3158,3808,7266,17965,24270,12087,4607
3461,1950,3982,10028,15763,9638,3049,1810,3689,8918,15395,10249,4153
3462,1222,2632,6149,9610,6404,1902,1106,2472,5728,9897,7151,2609
4011,14110,24883,77320,97443,50609,16971,13340,23218,71094,94789,59910,25665
4012,3045,5537,14619,19231,10880,3387,2747,5197,12896,18060,12910,5125
5111,16098,27514,77504,111514,49614,17071,15237,25873,81962,109625,61197,26085
5112,13041,23657,64038,86879,44536,14437,12031,22188,59181,84183,52238,22181
5113,14627,25987,73032,98357,53547,17455,13753,24586,71130,98257,64649,27729
5114,5429,10590,27148,39168,21314,7096,5196,9728,25154,39766,25732,10699
5116,6519,12018,32490,45246,24847,7535,6012,11309,30628,45030,28514,11306
5117,4174,7563,19187,28875,16754,5834,3845,7276,17689,29975,20624,9084
5119,5030,9266,25057,37173,20830,6256,4729,8914,23012,36560,24314,9688
5120,2701,5119,12650,19909,10728,3557,2621,4948,11798,19206,12382,5375
5122,3906,7567,18329,27948,14714,5007,3591,7099,17695,28838,17075,7591
5124,9097,16917,44711,60988,31545,10429,8564,16159,42309,59869,37610,16184
5154,7274,14580,37657,55676,30742,8699,6875,13669,34217,55065,33757,12763
5158,11580,22445,50281,84389,48412,17598,11016,21580,47960,87895,57606,24922
5162,11308,21804,47893,80255,43462,14492,10605,20566,45329,83784,50944,20565
5166,6783,13374,32229,54034,30083,9410,6291,12877,30308,55718,34151,13677
5170,10295,20298,49552,80134,48806,15052,9698,19042,45999,83148,55839,21946
5314,8609,16111,45067,53570,24702,8269,7996,15004,47534,56456,30804,13136
5315,28052,48275,148621,194717,81978,27725,26590,45661,155904,192268,97414,38459
5316,4091,7945,18776,28931,14575,5469,3913,7339,17789,29261,17791,7958
5334,12568,23653,87375,90220,50314,16032,12016,22434,69121,90310,57948,23474
5358,6316,12386,31865,46168,26289,7737,6014,11437,28250,46418,29737,11105
5362,11969,22492,52581,83682,44955,14383,11143,21269,49390,86240,52058,19927
5366,4452,8979,21473,34381,19983,5856,4436,8562,19774,35064,21707,8173
5370,5982,11937,29544,45614,25438,7334,5732,11256,26692,46307,27858,10628
5374,6717,13061,32020,47422,26374,8475,6411,12743,28483,48543,29798,12424
5378,6588,13587,29032,50015,28220,10130,6212,12560,27584,52686,32766,14075
5382,15017,30154,67493,104854,57742,18833,13785,27875,62195,109712,66264,25856
5512,2642,5068,13359,20657,11942,3433,2476,4782,12341,21017,14126,5540
5513,6895,12980,32955,45321,24446,7181,6469,11786,29387,43487,28224,11523
5515,7481,12984,49283,49914,23557,7617,6940,12095,53904,50762,27820,11962
5554,9531,18910,46159,67307,33437,9851,9129,18138,41523,65719,36604,14368
5558,5428,10527,25274,39415,21733,6187,5179,9918,22565,40133,24250,9320
5562,14309,27607,67727,107748,63587,19041,13434,25839,62952,109600,74228,29189
5566,11416,22622,54454,80376,41284,12481,10763,21138,48619,80160,45682,18619
5570,6800,13831,32363,49358,26650,8296,6375,12991,29043,49536,30215,12325
5711,8349,15943,44029,55216,27804,9737,8079,15150,44854,56076,33589,14960
5754,9240,18310,45388,66070,32404,10432,8764,17252,39839,64921,36264,15199
5758,5999,11974,28434,44175,24302,8075,5642,11288,26133,44654,27798,12309
5762,3122,6622,16361,24616,14753,4585,2984,6229,14069,24447,16118,6761
5766,8754,17588,40514,58369,34255,11485,8289,16500,36799,59475,39282,17081
5770,7666,15282,36515,53441,30397,10004,7086,14381,32558,53965,34518,14897
5774,7947,15076,43244,52980,26732,7643,7472,14361,38260,52149,29652,11374
5911,8100,14848,48709,60453,34592,10997,7665,13721,45518,60569,41771,17685
5913,14407,25989,78356,100458,52385,16791,14001,25108,72056,99742,61961,25756
5914,4823,9035,22408,32122,17847,5933,4514,8489,20909,31993,21388,9353
5915,4324,8764,22319,30938,16488,5191,4283,8223,20513,30580,19657,7831
5916,3700,6912,19048,27732,14674,4583,3486,6486,17685,26724,17886,7458
5954,7377,13785,35303,56620,33472,10933,6896,13048,33123,57913,39446,16380
5958,5713,12009,31094,46527,26343,8261,5588,11275,26622,45602,29055,12386
5962,9638,19365,47714,72401,40527,13172,9143,18156,42984,73171,46468,19381
5966,3272,6600,16080,24864,12974,3820,3031,5946,14509,24082,13918,5679
5970,6678,12570,35473,47913,27168,8556,6277,11672,32192,46535,30701,12475
5974,7183,14590,36000,53899,29253,9097,6727,13475,31196,53779,33135,13568
5978,9064,17808,43900,68975,40217,12340,8637,16756,40293,70590,47259,18943
6411,3990,7098,28794,25554,11882,3899,3883,6649,22798,24662,14227,5771
6412,21068,34747,104144,142265,53539,15908,20253,33482,106873,135272,61940,23565
6413,3722,6546,17616,23170,9714,2931,3676,6302,17541,22028,11264,4234
6414,7616,13740,32929,47327,23291,8040,7398,13006,34089,50646,28428,11832
6431,6187,12178,30200,48509,27727,8517,6089,11436,27010,49126,30844,11871
6432,7339,14146,34660,53975,28831,8835,7060,13463,31030,54343,32028,11689
6433,7528,13471,34173,50573,23840,7740,7038,12907,31328,48491,26998,10439
6434,5693,12399,24072,42322,22218,8174,5390,11683,22119,44931,26190,11373
6435,10182,19561,47966,75156,40771,12919,9600,18493,44343,75585,46576,17798
6436,6063,12456,25266,43641,21204,7702,5782,11614,23726,44929,24993,10359
6437,2174,4198,10749,16852,10676,3226,1953,4117,9743,17022,11569,4519
6438,9171,17466,40433,63502,32874,10971,8621,16212,37633,64084,38093,15032
6439,4232,8682,20064,33536,19176,6272,3938,8164,18253,34670,21724,8446
6440,7188,14530,35245,55328,29766,9219,6930,13775,31980,56438,33012,13049
6531,6429,11559,38866,43807,24065,7409,6016,11077,38170,43941,27180,10357
6532,5924,11881,29433,44530,25356,7966,5673,11063,26869,44804,28679,11599
6533,3927,8075,20165,30854,17377,5173,3722,7578,18035,30691,19093,7393
6534,5481,11078,34521,41120,22340,6874,5282,10515,33712,40912,24854,9959
6535,2137,4515,11423,18847,12358,3712,2048,4269,9777,18585,12934,5273
6611,5051,8843,30925,32025,16827,5336,4785,8124,28143,32615,20426,8485
6631,5387,10423,27907,38725,21169,6981,5111,9970,25267,38224,23413,10007
6632,2759,5521,13577,21257,13134,4275,2528,5178,11779,20522,14343,5956
6633,5265,10361,24671,41200,26051,8574,4938,9796,22467,42152,29236,11922
6634,3832,8054,20277,32651,19460,5907,3735,7502,17453,31673,21120,8558
6635,3515,7176,18002,27684,16574,5247,3323,6703,15362,27502,18275,7590
6636,2137,4148,11160,17150,11609,3761,1925,4024,9754,17205,12787,5357
7111,2646,4591,16568,18171,10117,3535,2508,4292,15967,17819,12277,5533
7131,2935,5441,14247,22219,14175,4738,2763,5210,12898,22751,15682,6668
7132,3001,5957,14748,22850,13256,4047,2780,5661,13252,22507,14725,5921
7133,3630,7204,17162,27246,16743,5200,3549,6723,16078,28129,19037,7379
7134,1755,3406,9232,13745,9061,2822,1661,3264,7934,13818,10013,4009
7135,1279,2637,6869,10889,7024,2143,1200,2404,5937,10663,7381,3161
7137,5085,9640,24294,37987,22097,6643,4880,9237,22266,38344,24371,9415
7138,4363,8579,20485,31553,18708,5800,4111,8104,18975,32126,20787,8350
7140,2340,4585,11536,18229,11239,3277,2202,4303,10192,18361,11932,4741
7141,2722,5394,13287,21712,13326,4084,2682,5131,12029,21678,14676,5587
7143,4757,9514,22964,36866,20177,5940,4462,8959,20983,36374,22059,8542
7211,2527,4393,18268,18090,8536,2630,2245,3974,17844,17321,10363,4445
7231,2647,5014,12349,20265,12230,3619,2444,4769,11132,19660,12912,5221
7232,2448,4725,11652,17900,10008,2843,2297,4276,10430,17298,10483,4201
7233,1263,2598,6785,10508,7088,2185,1199,2449,5844,10434,7310,2940
7235,3512,7186,16062,27689,14933,4291,3393,6849,15107,27543,16055,6325
7311,1266,2289,5655,8149,4492,1638,1213,2120,5434,8205,5602,2498
7312,2302,4046,16862,15546,8770,2827,2188,3733,12986,15566,10729,4290
7313,1082,1883,6365,7569,3948,1231,954,1893,7449,7644,4718,1941
7314,4865,8682,22770,30720,14086,4697,4663,8071,20700,28489,16431,6887
7315,5130,9052,34271,35248,16354,5544,4842,8033,36296,34782,19509,8057
7316,1258,2307,5944,8880,5640,1926,1221,2190,5393,9060,6484,2845
7317,920,1741,4643,6574,4423,1479,829,1602,4171,6577,5094,2350
7318,1190,2270,5664,8779,4933,1527,1064,2093,5385,9007,5998,2468
7319,2167,3994,10674,14324,7613,2308,2110,3757,9734,13985,9087,3577
7320,755,1453,4426,5725,3448,1147,728,1435,3699,5632,4063,1698
7331,3167,6117,14667,23673,13378,3387,3166,5701,13316,23716,14159,4797
7332,2864,5801,13298,23595,14687,4593,2781,5331,12245,24617,16511,6337
7333,1715,3464,8171,13475,8150,2219,1655,3349,7434,13625,8690,3154
7334,3213,6155,15097,23815,12491,3608,3020,5662,14122,23326,13579,4987
7335,2768,5047,11771,18252,11152,3145,2648,4694,10938,18920,12055,4667
7336,1594,2951,7476,12447,8227,2357,1443,2861,6760,12325,8730,3355
7337,2522,4943,11379,19910,12088,3599,2319,4545,10641,20251,13156,5003
7338,4008,7050,16094,27769,15838,5271,3607,6635,15058,28135,17682,7054
7339,5179,10399,22515,38876,20929,6117,4837,9735,20963,39979,23018,8342
7340,1882,3686,9771,16792,11231,3554,1814,3594,8749,17116,12047,4877
8111,15519,26949,96472,113485,47754,16960,14541,25735,90469,106271,55933,24742
8115,10467,19446,48076,70465,34424,12111,10166,18281,44058,69058,38957,16131
8116,12988,25218,67947,96554,47340,16736,12404,23879,59617,93895,54510,22771
8117,6244,11972,31148,45833,24578,8318,6004,11657,27654,44524,27800,11521
8118,14431,26293,66773,98952,47378,16134,13681,25232,61410,96616,54617,22467
8119,10561,20178,50768,76459,39346,13549,9946,19236,46455,75874,44935,18851
8121,3333,6100,18179,22067,10311,3537,3153,5726,15333,20393,12427,5401
8125,8921,16462,42417,63911,31182,9489,8233,15816,37933,61240,34404,13060
8126,2713,5463,14445,20362,10452,3115,2628,5110,12495,19453,11341,4433
8127,5079,9526,25016,35400,18163,5130,4782,9221,22009,33789,20125,7621
8128,3099,5908,15661,23233,13783,4239,2885,5679,13713,22868,15164,6089
8135,3109,6309,16383,23250,12759,4282,3039,6090,14072,22606,14274,6299
8136,7505,14880,39422,55632,29704,9337,7164,14322,35409,54109,33063,13455
8211,1162,2262,5974,9231,5689,2124,1072,2055,5385,9850,7108,3211
8212,6926,12367,54895,53370,24542,8329,6659,11584,42564,50255,29029,12572
8215,10530,20968,52554,80987,42869,13431,10210,19422,46027,80014,48158,19062
8216,5385,10564,26864,41676,23125,7183,5099,9893,24145,41150,25684,10250
8221,3752,6130,27230,25119,11212,3669,3579,5897,29438,25114,13586,5629
8222,7654,12981,46588,54249,24737,8064,7130,12125,43307,51090,29431,12014
8225,3297,6531,17492,25574,14761,4402,3143,6199,14591,25255,16071,6219
8226,13468,26112,62488,97468,52671,17110,12626,24489,57928,99226,60373,23666
8231,3328,6191,17169,20948,10520,3543,3409,5787,15569,20423,12990,5665
8235,3894,7658,19217,28598,15377,4770,3564,7119,16686,27884,16917,6713
8236,4800,9474,23258,35887,19080,6245,4548,8917,20873,35745,21376,8702
8237,2778,5737,14453,21059,11404,3467,2695,5392,12647,20783,12385,5135
8311,5932,9771,36009,36316,16564,5237,5519,9593,40138,36927,20012,8223
8315,6540,12844,30576,45314,25902,8465,6208,12045,27555,46603,29278,11465
8316,4115,8083,19071,29463,16165,4875,3910,7521,17339,29823,18079,6939
8317,10614,20635,51958,76547,41594,12873,10142,19700,46533,74416,45914,18553
8325,3475,6856,16763,24944,13332,4397,3281,6444,15036,24018,14695,6214
8326,5080,9773,26599,36287,20775,7028,4913,9385,23317,35591,23600,10033
8327,3649,7283,18037,24819,12539,4125,3638,6930,15761,23745,13901,5725
8335,6755,12855,37460,47334,25812,8830,6489,12431,35410,49425,29919,12605
8336,5722,11307,26626,40429,21101,6796,5552,10774,24977,41748,23868,9739
8337,4175,8554,20175,29654,16782,5247,4007,8181,18353,29608,18566,7317
8415,7299,13705,35355,50845,26287,8741,6825,13064,32038,50253,29841,12495
8416,5802,10390,33104,37266,18762,5471,5471,10077,34285,37745,20980,7978
8417,4352,8592,22652,33459,18710,6043,4109,8176,19965,32857,21101,8919
8421,3199,5692,19636,21043,9745,3345,2935,5463,17939,20367,12079,4886
8425,5112,9914,24717,35748,18007,5543,4858,9385,21645,34137,19266,7715
8426,5414,10359,25340,36123,18062,5336,5132,9780,22717,34884,19142,7453
8435,5102,10055,25191,37484,21235,7477,4948,9524,23229,37881,24272,9829
8436,7179,13977,36631,49795,25981,8214,6759,13167,33009,49418,28845,11310
8437,3119,6367,16578,23189,12510,3886,2995,5942,14455,22718,13612,5502
9161,3732,6187,20209,24448,11015,3661,3534,5842,17200,22905,12913,5335
9162,39952,61953,210945,259801,107303,37354,38407,59278,211953,258992,131494,54076
9163,1653,2797,8852,11000,5258,1761,1439,2721,7974,10702,6500,2667
9171,2679,5196,13012,19918,10718,3419,2666,4956,11778,19237,12534,5097
9172,2460,4531,12972,18086,10275,3683,2304,4282,11554,18056,12204,5315
9173,3242,6175,14687,22714,11810,4103,3079,5721,13538,23052,13497,5609
9174,4076,7538,19005,29221,13136,4144,3809,7226,17112,28419,14578,5620
9175,3755,7637,16615,27102,11750,4113,3619,7096,15061,26750,13152,5492
9176,3640,6781,17108,24880,11489,3427,3616,6346,15287,23220,11950,4597
9177,3557,6973,16930,27136,11496,3275,3383,6481,15706,25951,12315,4457
9178,4715,8767,25246,34789,13777,4099,4496,8139,22329,32402,14896,5461
9179,5575,10863,25181,39361,19475,7231,5378,10356,23217,39666,23261,9756
9180,2043,3710,10111,14858,8942,3305,1918,3453,9029,15616,10685,4797
9181,2863,5935,14393,22207,11178,3501,2800,5659,12431,22290,12213,4601
9182,2377,4634,11192,17802,9469,3396,2237,4377,10098,18350,11065,4729
9183,2970,5499,14499,21337,10850,3205,2670,5120,12619,20028,11901,4552
9184,8796,18530,41930,63585,29342,11418,8435,17463,36560,63616,34353,14843
9185,2485,4715,11932,18069,8841,2637,2442,4453,10694,17095,9628,3689
9186,3360,6122,16047,24419,11315,3376,3224,5866,14131,22707,12128,4456
9187,6296,12544,30907,46361,25094,8051,6020,11690,27553,47217,28346,10904
9188,3196,7094,14179,23808,12735,5008,3074,6710,13188,25415,15232,6453
9189,4082,7913,20992,30955,17720,5902,3929,7716,18728,30887,20083,8182
9190,3320,6522,15837,23843,13352,4447,3189,6176,14167,24151,14538,5806
9261,1690,3101,9803,12684,6053,2072,1643,2968,9079,12448,7695,3168
9262,994,1811,8496,7934,4598,1511,996,1790,8206,7869,5819,2445
9263,1030,1945,6504,8802,4500,1336,980,1788,5394,8031,5350,2134
9271,2637,5252,15145,21737,11557,3219,2502,5062,13264,21208,12958,4785
9272,1657,3233,9152,14192,8689,2180,1653,3033,8232,14020,9022,3292
9273,3080,6018,15739,23030,11091,3179,2900,5705,13612,21543,11936,4425
9274,4038,7940,19199,30562,14656,4124,3830,7443,16830,28984,15511,5581
9275,4153,8541,22097,34985,19986,5709,4000,7966,20044,34049,22200,8313
9276,1704,3358,9291,13811,8399,2182,1619,3074,8026,13652,9091,3449
9277,2789,5454,14620,21824,11996,3663,2575,5180,13036,20989,13268,5265
9278,2442,4699,12123,18929,9779,2655,2263,4631,10629,18256,10418,3825
9279,2299,4376,12673,18413,9112,2577,2175,4110,10576,16729,9614,3563
9361,866,1791,5344,7194,4179,1299,888,1609,4516,6996,5073,2215
9362,3581,5986,24996,25131,10956,3575,3381,5712,24975,24906,13657,5754
9363,911,1688,5381,7126,4098,1338,897,1642,4859,7344,5068,2168
9371,2270,4531,12133,19033,10593,3105,2203,4251,10808,18430,11277,4475
9372,2948,5611,15144,23528,13357,3660,2733,5369,13676,22490,13997,5369
9373,3311,6222,16731,25205,12514,3516,3116,5934,14649,23903,13317,5143
9374,2109,4151,11000,17298,9716,2669,2046,3923,10149,17003,10312,3976
9375,4794,9344,22645,36547,18666,5085,4632,8738,20322,35850,19997,6952
9376,3382,6464,17980,27557,14500,4081,3188,6192,15872,26106,15651,6216
9377,1552,3019,8355,13154,7741,2300,1494,2913,7349,12715,8431,3481
9461,1910,2983,12017,12375,6118,2061,1777,2865,12043,12386,7648,3409
9462,1448,2628,12433,11276,6515,2169,1359,2521,11273,11309,8213,3513
9463,851,1598,5592,6719,4016,1386,827,1549,4781,6844,4935,2151
9464,1120,1887,5681,7474,4505,1431,1066,1894,5135,7533,5750,2454
9471,3580,6869,17335,27928,14218,3795,3552,6549,15673,27246,14882,5459
9472,2229,4612,11024,19285,10959,3201,2101,4395,10217,19009,11857,4767
9473,1922,3763,9448,15696,9252,2831,1855,3514,8552,15628,10278,4167
9474,2765,5287,13354,21495,11513,3289,2700,5217,12189,21258,12409,4623
9475,1816,3811,9811,16953,10761,3494,1804,3677,8855,16886,12108,5335
9476,1212,2593,7085,12554,7519,2221,1190,2559,6321,12163,8213,3505
9477,1374,2933,7785,13061,7919,2273,1320,2771,6768,13066,8958,3617
9478,1447,2779,7458,12196,7002,2145,1371,2774,6715,12062,7739,3150
9479,1511,2918,7665,12660,8333,2631,1395,2759,6815,12673,9596,4222
9561,1043,1850,5208,6959,3739,1249,1036,1809,5028,7281,4697,1948
9562,2785,4904,18413,18488,8351,2923,2667,4537,16711,17938,9891,4354
9563,3333,5635,16525,23403,10611,3096,3185,5102,15469,23828,12673,4888
9564,13197,22581,69986,89250,43204,14589,12442,21355,67425,88528,53091,22717
9565,1013,1917,4543,7358,3803,1261,983,1837,4328,7361,4511,1877
9571,4481,8773,22471,33620,17939,5166,4286,8167,19886,32517,19068,7575
9572,3547,6763,14846,25059,13549,3999,3317,6356,13955,25056,14625,5199
9573,2880,5291,12027,21046,12027,3793,2777,5092,11623,21825,13574,5432
9574,4003,7919,18386,30991,17164,5483,3878,7202,17109,31264,19265,7701
9575,2406,4634,11937,18282,10177,2895,2290,4337,10596,17824,10815,4171
9576,3191,5798,14604,23369,12478,3766,2918,5504,13333,23064,13646,5287
9577,2228,4383,11149,16910,9536,2887,2186,4040,10017,16262,10550,4245
9661,1691,3091,8899,12287,6341,2007,1598,2955,8292,12490,7779,3097
9662,1384,2413,7378,8489,5051,1838,1283,2291,6142,8457,6391,2915
9663,2681,4190,21623,19095,9959,3603,2664,4017,22380,18669,12976,6023
9671,4056,7851,19494,31754,17933,5482,3777,7479,17776,32209,19099,7298
9672,2222,4272,11100,18111,11515,3645,2108,4249,10183,17917,12611,5285
9673,1806,3605,9117,14013,8600,2536,1732,3456,8252,14043,8963,3567
9674,2003,3854,9808,15487,8923,2393,1893,3577,8846,15148,9232,3435
9675,2224,4003,11102,16632,9189,2641,2004,3874,9768,16208,9542,3722
9676,2993,5863,14815,23540,12970,4009,2808,5548,13339,23461,13997,5413
9677,2769,5289,14145,22813,13840,4097,2662,5166,12538,22550,14689,5807
9678,2790,5275,13178,20792,12047,3686,2536,4796,12073,20223,12778,4932
9679,3983,7438,18451,29012,16757,4953,3760,7021,16860,29152,18016,6431
9761,7168,12252,43328,50554,23749,8107,6919,11558,41108,48333,29500,12559
9762,1084,1953,5362,7481,4249,1481,1004,1902,4837,7333,5014,2193
9763,1676,2936,9616,11371,6256,2286,1591,2684,8552,11083,7634,3222
9764,1060,1930,5530,7780,4031,1379,1057,1939,4930,7315,4839,2047
9771,3545,6513,15465,24923,12328,3877,3401,6268,14237,24313,13515,5211
9772,6503,12207,28896,45978,23792,7431,6253,11486,26625,45493,26566,10304
9773,2323,4552,11785,17459,9265,2751,2182,4326,10536,16851,10109,3882
9774,3142,5991,16028,23108,11814,3493,2906,5595,13900,22324,12561,4885
9775,4309,8083,21812,31195,15952,5119,4107,7918,19993,30528,18005,7179
9776,1900,3699,9466,14445,7933,2842,1819,3481,8530,14737,8923,3894
9777,3600,6673,16652,24905,13773,4365,3434,6549,15027,24773,14792,5773
9778,3578,6769,17734,26273,13793,4461,3493,6408,15496,24786,15075,6175
9779,3264,6411,16889,24808,12610,3839,2993,6102,14464,23260,13494,5362
9780,3773,6927,17712,27222,15641,5302,3562,6530,16148,27947,17551,7047
10041,7383,13720,41283,55455,33901,10261,6817,12621,37930,55112,39350,15875
10042,2099,4606,11231,18721,11244,3207,1935,4107,10244,18743,12336,4893
10043,2799,5318,14385,23174,14776,4463,2566,5035,13065,23143,16621,6861
10044,4103,8145,21657,33567,21680,6398,4054,7670,19497,34268,24365,9797
10045,2895,5849,15287,24239,16009,5106,2733,5500,14244,24925,18242,7602
10046,1589,3411,9216,15559,10337,3086,1567,3353,8255,15648,11017,4359
11000,98330,164827,484613,647312,297912,99807,93198,155813,477479,624365,353713,147457
12051,1503,2863,7699,12527,7896,3129,1557,2760,6536,11483,9521,4650
12052,2238,4081,11953,16745,10454,3730,2097,3917,10175,16128,12948,5753
12053,1220,2397,6175,9594,6502,2135,1093,2283,5882,9483,7703,3406
12054,5052,8924,21708,30989,14347,5159,4740,8318,22486,30957,17500,7909
12060,4141,8814,16332,34712,20231,6385,3868,8098,15137,33904,22297,8841
12061,3963,7694,15370,32357,18264,6295,3695,7276,14118,31040,20195,8800
12062,1993,4089,8582,19199,12831,4138,1904,3997,7269,17709,14532,6395
12063,3601,7826,15412,31152,16813,5317,3461,7375,13860,30917,18562,7613
12064,4318,9117,16147,38037,22023,6841,4029,8468,15035,36551,23939,9823
12065,4740,10090,19348,40619,22196,7118,4498,9573,17898,40283,24635,10251
12066,2263,4370,9501,20440,13198,4535,2056,4217,8227,18578,15798,7293
12067,3842,7695,15109,32826,21192,7017,3651,7455,13886,31933,23882,10170
12068,2062,4316,8910,18497,11964,3582,1979,3879,7946,17358,13222,5363
12069,4748,10955,18472,41907,23150,7026,4600,10369,17161,41501,24845,9930
12070,1468,2968,7022,13838,9546,3135,1409,2874,5690,12914,10831,4813
12071,2212,4691,8665,21519,14653,4529,2104,4442,7766,20451,16504,6893
12072,3947,7822,16618,32714,17287,5454,3821,7443,14938,30834,19169,8249
12073,2388,5050,10056,21442,15009,4725,2215,4728,9055,20842,16889,7153
13003,4717,8065,29353,33962,19345,7469,4598,7764,26508,30910,24480,11715
13004,2272,4243,10701,15586,9814,3438,2212,4019,10033,15367,12442,5691
13071,5342,11275,23495,46936,31052,9008,5078,10779,21036,45009,35570,14550
13072,4893,10206,18472,41579,24896,7065,4653,9747,16952,38979,27230,10441
13073,4409,9624,20405,41092,26666,8281,4331,9224,18388,39274,30385,12605
13074,3477,7143,15315,29479,17534,4951,3234,6792,13867,27736,19476,7725
13075,4901,10131,23465,41548,27687,8149,4744,9606,22888,39641,31055,12882
13076,4604,9321,19640,41022,24863,6748,4491,8990,17154,38120,27133,10532
14511,5818,10374,29987,39829,26472,9768,5555,9813,24801,36475,33267,15078
14521,6991,15174,28073,58595,43657,12728,6765,14271,25009,55087,50597,20749
14522,6536,13386,28681,54623,36859,12225,6168,12650,23937,50110,42313,18697
14523,4531,9561,19522,39885,28107,9449,4303,8764,17145,37381,34046,15102
14524,6678,13249,28463,55552,38195,12841,6254,12682,25308,51972,45857,20480
14612,15517,26049,79651,90717,45842,18953,14601,24646,69963,83996,56991,27723
14625,6762,13870,25042,55064,35669,12095,6429,13288,22293,51077,40807,18484
14626,5191,10979,21262,44621,31886,10966,5053,10656,19472,41350,36629,16829
14627,5201,11343,20337,44650,27852,9921,5173,10744,18303,41219,32395,15027
14628,5833,11864,20908,44395,28230,9989,5322,11190,19314,41294,32519,14753
14713,16524,25551,85113,97272,46208,17885,15382,24417,85472,88137,58035,27861
14729,5714,11993,21165,48238,29692,9578,5485,11189,19865,45698,34431,14715
14730,4382,8750,17707,37494,22717,7168,4180,8362,15272,34665,25831,11145
15001,1583,3171,7076,13659,10065,3903,1494,2865,6494,13052,12221,5654
15002,6041,10537,31317,37480,22183,8155,5582,10028,30874,35473,28844,12743
15003,5841,10072,32958,38154,22524,8279,5418,9504,27839,36263,28797,13048
15081,1816,3751,7804,16097,9508,2772,1744,3514,6838,14750,10696,4475
15082,3070,6247,14159,29318,19385,6147,2984,6008,12319,27576,22849,9792
15083,3718,7749,15697,33453,19746,5297,3638,7328,13900,31043,21789,8376
15084,3700,7335,16306,33244,21652,7116,3436,6783,13673,30305,25315,11325
15085,4120,8655,19320,38634,26137,8235,3929,8053,16842,36822,30702,12997
15086,1932,3729,7901,17284,10732,3203,1849,3662,6693,15918,12021,5004
15087,2448,5345,11395,24605,17633,5566,2380,5072,9778,23056,20281,8690
15088,3850,8239,16165,35067,21752,6288,3820,7683,14542,32720,24837,9619
15089,3796,7674,17096,34561,22746,7275,3559,7301,15003,32653,27142,11754
15090,2281,4690,10565,20570,13239,3933,2177,4565,9243,19504,15030,6185
15091,2424,5031,10869,22892,15677,5040,2296,4762,9233,21450,18200,7966
16051,5272,9389,26290,36236,20109,6624,5202,9035,26482,34477,24565,10018
16052,2046,3857,8854,15684,11271,3805,1920,3627,8196,14855,13946,6091
16053,2818,4881,17783,17230,9352,3601,2655,4620,16097,15695,11452,5223
16054,638,1220,3156,5723,4657,1566,604,1139,2595,5578,5711,2248
16055,1607,3061,8095,10734,6053,2105,1537,2827,7760,10540,7458,3313
16056,981,1911,4461,7584,4350,1587,885,1663,3890,7074,5417,2567
16061,2480,4840,9824,18558,11395,3267,2422,4676,8843,17048,12272,4755
16062,1823,3638,8474,14645,9716,3181,1684,3414,7427,13934,11171,4715
16063,2702,5457,11114,23176,14752,4324,2507,5001,9851,21555,16151,6435
16064,2359,4780,9735,18885,11803,3557,2226,4502,8614,17657,13267,5527
16065,1531,3180,6721,13675,9384,2783,1361,2920,5762,12756,10689,4247
16066,2541,5099,11708,22615,14718,4505,2454,4710,9684,20942,16566,6805
16067,2949,5886,13262,25209,15425,4737,2888,5674,11619,23325,17434,7044
16068,1631,3180,6236,13311,8257,2147,1417,2956,5559,12352,9274,3335
16069,1309,2687,6020,12175,7490,2085,1278,2546,5142,11092,8337,3392
16070,2421,4631,12030,19384,12318,3849,2233,4363,9310,17953,14309,5941
16071,1890,3914,7128,15496,9714,2503,1814,3874,6736,14610,10521,3747
16072,1046,2185,5087,10434,6828,2093,1004,2050,4416,9631,7951,3471
16073,2147,4157,9164,19308,13341,4271,1985,4008,7779,17898,15351,6947
16074,1789,3636,7373,15629,9954,2979,1746,3453,6579,14476,11162,4275
16075,1684,3493,7137,15012,9897,2896,1622,3197,6237,13869,11197,4627
16076,1898,4064,7701,17869,12773,4021,1792,3736,6682,16775,14567,6281
16077,1701,3501,7200,16250,11613,3873,1633,3485,6452,14890,13611,5909
